Name,Address,Phone
JERBOUI Touria,"Adresse : route Agourai, rés Sijilmassa B1 n°19. Camilya, Meknès",535467869
MRABET Ali,"Adresse : 44, rue Bandoeng, Meknès",535513667
KHLIL Hammou,"Adresse : 26, av Mohamed V. imm Habous, Meknès",535403568
ERRAI Mohamed,"Adresse : 16, av Hassan II. rés l'Oranger, Meknès",535517686
ERRAZIQI Abdellah,"Adresse : 19, bd Idriss II, Meknès",535515930
BERCHEQ Nidal,"Adresse : av Idriss II, Meknès",535514393
SAIDI El Mehdi,"Adresse : 37, av Hassan II, Meknès",535515050
LAAYOUN Jaouad,"Adresse : 16, av Moulay Abdellah, Meknès",701191812
ABAIK Taoufik,"Adresse : 27, av Mohamed V, Meknès",535515905
DAOUDI Ali,"Adresse : 23, lot Al Horra. Zitoune, Meknès",535552872
HARRADI Aziz,"Adresse : 15, bd Mohamed V, Meknès",535524822
KARZAZI Azzedine,"Adresse : Hôpital Moulay Ismail, Meknès",535522805
DOUHAL Abderrahmane,"Adresse : 16, rés Al Farabi, Place d'Armes, Meknès",535524466
BENNANI Abdelali,"Adresse : 52, av Allal Ben Abdellah, Meknès",535523388
LOUKILI Mustapha,"Adresse : 6, rue Ghana, Meknès",535516669
SAYA Addi,"Adresse : 26, av Idriss II, Meknès",535520114
HAJIB Ahmed,"Adresse : 4, rue Taroudant, Meknès",535515288
ELHANSALI Zainelabidine,"Adresse : 9, av Hassan II, Meknès",642220790
